01162EF2-BDC3-49D0-9413-78AAC8D3D3EF#appfire#CommunicationTypeService#appfire#shop.app.server.service.CommunicationTypeService#appfire#{"resourceMapping":"/CommunicationType","defaultMethodType":"","defaultContentType":""}#appfire#{"repository":{"filePath":"onlineshopping/src/main/java/shop/app/server/service/CommunicationTypeService.java","fileName":"CommunicationTypeService.java"},"implementInterface":[],"extendsClass":[],"repositories":[{"repository":{"filePath":"onlineshopping/src/main/java/shop/app/server/repository/CommunicationTypeRepositoryImpl.java","fileName":"CommunicationTypeRepositoryImpl.java"},"implementInterface":[{"filePath":"onlineshopping/src/main/java/shop/app/server/repository/CommunicationTypeRepository.java","fileName":"CommunicationTypeRepository.java"}],"extendsClass":[{"fileName":"SearchInterfaceImpl.java","filePath":"onlineshopping/src/main/java/shop/app/server/repository/SearchInterfaceImpl.java","isDisplay":false}],"entities":{"filePath":"onlineshopping/src/main/java/shop/app/shared/contacts/CommunicationType.java","fileName":"CommunicationType.java"}}]}#appfire#I#appfire#W2QDPONP4TKPSONCGSNTQ#appfire#C183B147-0974-486C-A086-E2416DA7385C#appfire#1#appfire#\N#appfire#2015-11-17 13:39:45#appfire#\N#appfire#2015-11-17 13:39:45#appfire#1#appfire#1#appfire#3DFBB16E-D911-41FF-B3F3-0F356F12F4E1
017F995D-D852-4C22-BBE3-8833191A8F6C#appfire#GenderService#appfire#shop.app.server.service.GenderService#appfire#{"resourceMapping":"/Gender","defaultMethodType":"","defaultContentType":""}#appfire#{"repository":{"filePath":"onlineshopping/src/main/java/shop/app/server/service/GenderService.java","fileName":"GenderService.java"},"implementInterface":[],"extendsClass":[],"repositories":[{"repository":{"filePath":"onlineshopping/src/main/java/shop/app/server/repository/GenderRepositoryImpl.java","fileName":"GenderRepositoryImpl.java"},"implementInterface":[{"filePath":"onlineshopping/src/main/java/shop/app/server/repository/GenderRepository.java","fileName":"GenderRepository.java"}],"extendsClass":[{"fileName":"SearchInterfaceImpl.java","filePath":"onlineshopping/src/main/java/shop/app/server/repository/SearchInterfaceImpl.java","isDisplay":false}],"entities":{"filePath":"onlineshopping/src/main/java/shop/app/shared/contacts/Gender.java","fileName":"Gender.java"}}]}#appfire#I#appfire#W2QDPONP4TKPSONCGSNTQ#appfire#C183B147-0974-486C-A086-E2416DA7385C#appfire#1#appfire#\N#appfire#2015-11-17 13:39:45#appfire#\N#appfire#2015-11-17 13:39:45#appfire#1#appfire#1#appfire#D0638978-4AD3-4401-98FB-E56C02C32FEE
0728749E-1D67-474D-9DC1-2871EFB83CDA#appfire#CartService#appfire#shop.app.server.service.CartService#appfire#{"resourceMapping":"/Cart","defaultMethodType":"","defaultContentType":""}#appfire#{"repository":{"filePath":"onlineshopping/src/main/java/shop/app/server/service/CartService.java","fileName":"CartService.java"},"implementInterface":[],"extendsClass":[],"repositories":[{"repository":{"filePath":"onlineshopping/src/main/java/shop/app/server/repository/CartRepositoryImpl.java","fileName":"CartRepositoryImpl.java"},"implementInterface":[{"filePath":"onlineshopping/src/main/java/shop/app/server/repository/CartRepository.java","fileName":"CartRepository.java"}],"extendsClass":[{"fileName":"SearchInterfaceImpl.java","filePath":"onlineshopping/src/main/java/shop/app/server/repository/SearchInterfaceImpl.java","isDisplay":false}],"entities":{"filePath":"onlineshopping/src/main/java/shop/app/shared/retail/Cart.java","fileName":"Cart.java"}}]}#appfire#I#appfire#W2QDPONP4TKPSONCGSNTQ#appfire#C183B147-0974-486C-A086-E2416DA7385C#appfire#1#appfire#\N#appfire#2015-11-18 14:58:39#appfire#\N#appfire#2015-11-18 14:58:39#appfire#14#appfire#1#appfire#BC15354F-F1EF-4B28-82D2-5D428F4A32EC
0BA99AF1-B491-48B7-BD89-9CDEF44559AE#appfire#ContactTypeService#appfire#shop.app.server.service.ContactTypeService#appfire#{"resourceMapping":"/ContactType","defaultMethodType":"","defaultContentType":""}#appfire#{"repository":{"filePath":"onlineshopping/src/main/java/shop/app/server/service/ContactTypeService.java","fileName":"ContactTypeService.java"},"implementInterface":[],"extendsClass":[],"repositories":[{"repository":{"filePath":"onlineshopping/src/main/java/shop/app/server/repository/ContactTypeRepositoryImpl.java","fileName":"ContactTypeRepositoryImpl.java"},"implementInterface":[{"filePath":"onlineshopping/src/main/java/shop/app/server/repository/ContactTypeRepository.java","fileName":"ContactTypeRepository.java"}],"extendsClass":[{"fileName":"SearchInterfaceImpl.java","filePath":"onlineshopping/src/main/java/shop/app/server/repository/SearchInterfaceImpl.java","isDisplay":false}],"entities":{"filePath":"onlineshopping/src/main/java/shop/app/shared/contacts/ContactType.java","fileName":"ContactType.java"}}]}#appfire#I#appfire#W2QDPONP4TKPSONCGSNTQ#appfire#C183B147-0974-486C-A086-E2416DA7385C#appfire#1#appfire#\N#appfire#2015-11-17 13:39:44#appfire#\N#appfire#2015-11-17 13:39:44#appfire#1#appfire#1#appfire#A4783D06-90EB-406B-A73D-D35DE8165E8C
1D42897B-8FD6-46EB-8CAA-3427A4653775#appfire#OrderMainService#appfire#shop.app.server.service.OrderMainService#appfire#{"resourceMapping":"/OrderMain","defaultMethodType":"","defaultContentType":""}#appfire#{"repository":{"filePath":"onlineshopping/src/main/java/shop/app/server/service/OrderMainService.java","fileName":"OrderMainService.java"},"implementInterface":[],"extendsClass":[],"repositories":[{"repository":{"filePath":"onlineshopping/src/main/java/shop/app/server/repository/OrderMainRepositoryImpl.java","fileName":"OrderMainRepositoryImpl.java"},"implementInterface":[{"filePath":"onlineshopping/src/main/java/shop/app/server/repository/OrderMainRepository.java","fileName":"OrderMainRepository.java"}],"extendsClass":[{"fileName":"SearchInterfaceImpl.java","filePath":"onlineshopping/src/main/java/shop/app/server/repository/SearchInterfaceImpl.java","isDisplay":false}],"entities":{"filePath":"onlineshopping/src/main/java/shop/app/shared/retail/OrderMain.java","fileName":"OrderMain.java"}}]}#appfire#I#appfire#W2QDPONP4TKPSONCGSNTQ#appfire#C183B147-0974-486C-A086-E2416DA7385C#appfire#1#appfire#\N#appfire#2015-11-18 14:44:36#appfire#\N#appfire#2015-11-18 14:44:36#appfire#6#appfire#1#appfire#A06961E8-772C-4D0E-B293-D1534A748D71
1E481AB4-81E2-47E8-88AC-0B72C4A150F9#appfire#RolesService#appfire#shop.app.server.service.RolesService#appfire#{"resourceMapping":"/Roles","defaultMethodType":"","defaultContentType":""}#appfire#{"repository":{"filePath":"onlineshopping/src/main/java/shop/app/server/service/RolesService.java","fileName":"RolesService.java"},"implementInterface":[],"extendsClass":[],"repositories":[{"repository":{"filePath":"onlineshopping/src/main/java/shop/app/server/repository/RolesRepositoryImpl.java","fileName":"RolesRepositoryImpl.java"},"implementInterface":[{"filePath":"onlineshopping/src/main/java/shop/app/server/repository/RolesRepository.java","fileName":"RolesRepository.java"}],"extendsClass":[{"fileName":"SearchInterfaceImpl.java","filePath":"onlineshopping/src/main/java/shop/app/server/repository/SearchInterfaceImpl.java","isDisplay":false}],"entities":{"filePath":"onlineshopping/src/main/java/shop/app/shared/authorization/Roles.java","fileName":"Roles.java"}}]}#appfire#I#appfire#W2QDPONP4TKPSONCGSNTQ#appfire#C183B147-0974-486C-A086-E2416DA7385C#appfire#1#appfire#\N#appfire#2015-11-17 13:39:52#appfire#\N#appfire#2015-11-17 13:39:52#appfire#1#appfire#1#appfire#FFB1B688-0ADD-4BFF-B980-A2FF25C6FA39
20FF88C1-A8B6-4AB2-A089-B30CB4720E62#appfire#UserAccessDomainService#appfire#shop.app.server.service.UserAccessDomainService#appfire#{"resourceMapping":"/UserAccessDomain","defaultMethodType":"","defaultContentType":""}#appfire#{"repository":{"filePath":"onlineshopping/src/main/java/shop/app/server/service/UserAccessDomainService.java","fileName":"UserAccessDomainService.java"},"implementInterface":[],"extendsClass":[],"repositories":[{"repository":{"filePath":"onlineshopping/src/main/java/shop/app/server/repository/UserAccessDomainRepositoryImpl.java","fileName":"UserAccessDomainRepositoryImpl.java"},"implementInterface":[{"filePath":"onlineshopping/src/main/java/shop/app/server/repository/UserAccessDomainRepository.java","fileName":"UserAccessDomainRepository.java"}],"extendsClass":[{"fileName":"SearchInterfaceImpl.java","filePath":"onlineshopping/src/main/java/shop/app/server/repository/SearchInterfaceImpl.java","isDisplay":false}],"entities":{"filePath":"onlineshopping/src/main/java/shop/app/shared/authentication/UserAccessDomain.java","fileName":"UserAccessDomain.java"}}]}#appfire#I#appfire#W2QDPONP4TKPSONCGSNTQ#appfire#C183B147-0974-486C-A086-E2416DA7385C#appfire#1#appfire#\N#appfire#2015-11-17 13:39:48#appfire#\N#appfire#2015-11-17 13:39:48#appfire#1#appfire#1#appfire#4F879E26-E866-4F49-90A4-DDB1C0332273
24087292-3C7E-42A4-8F83-2965F796940D#appfire#RegionService#appfire#shop.app.server.service.RegionService#appfire#{"resourceMapping":"/Region","defaultMethodType":"","defaultContentType":""}#appfire#{"repository":{"filePath":"onlineshopping/src/main/java/shop/app/server/service/RegionService.java","fileName":"RegionService.java"},"implementInterface":[],"extendsClass":[],"repositories":[{"repository":{"filePath":"onlineshopping/src/main/java/shop/app/server/repository/RegionRepositoryImpl.java","fileName":"RegionRepositoryImpl.java"},"implementInterface":[{"filePath":"onlineshopping/src/main/java/shop/app/server/repository/RegionRepository.java","fileName":"RegionRepository.java"}],"extendsClass":[{"fileName":"SearchInterfaceImpl.java","filePath":"onlineshopping/src/main/java/shop/app/server/repository/SearchInterfaceImpl.java","isDisplay":false}],"entities":{"filePath":"onlineshopping/src/main/java/shop/app/shared/location/Region.java","fileName":"Region.java"}}]}#appfire#I#appfire#W2QDPONP4TKPSONCGSNTQ#appfire#C183B147-0974-486C-A086-E2416DA7385C#appfire#1#appfire#\N#appfire#2015-11-17 13:39:41#appfire#\N#appfire#2015-11-17 13:39:41#appfire#1#appfire#1#appfire#86AA18A7-ACEF-40FD-8DB1-5C1853B30A7F
28BE23D4-6882-4AD1-BCA5-642D20C2BCD0#appfire#AppCustomerService#appfire#shop.app.server.service.AppCustomerService#appfire#{"resourceMapping":"/AppCustomer","defaultMethodType":"","defaultContentType":""}#appfire#{"repository":{"filePath":"onlineshopping/src/main/java/shop/app/server/service/AppCustomerService.java","fileName":"AppCustomerService.java"},"implementInterface":[],"extendsClass":[],"repositories":[{"repository":{"filePath":"onlineshopping/src/main/java/shop/app/server/repository/AppCustomerRepositoryImpl.java","fileName":"AppCustomerRepositoryImpl.java"},"implementInterface":[{"filePath":"onlineshopping/src/main/java/shop/app/server/repository/AppCustomerRepository.java","fileName":"AppCustomerRepository.java"}],"extendsClass":[{"fileName":"SearchInterfaceImpl.java","filePath":"onlineshopping/src/main/java/shop/app/server/repository/SearchInterfaceImpl.java","isDisplay":false}],"entities":{"filePath":"onlineshopping/src/main/java/shop/app/shared/customers/AppCustomer.java","fileName":"AppCustomer.java"}}]}#appfire#I#appfire#W2QDPONP4TKPSONCGSNTQ#appfire#C183B147-0974-486C-A086-E2416DA7385C#appfire#1#appfire#\N#appfire#2015-11-17 13:39:54#appfire#\N#appfire#2015-11-17 13:39:54#appfire#1#appfire#1#appfire#DE8259CA-A300-40DC-8BB0-CC372B9FF7E4
30A00F15-F6A8-424F-BFF6-C2EB90B476A2#appfire#TalukaService#appfire#shop.app.server.service.TalukaService#appfire#{"resourceMapping":"/Taluka","defaultMethodType":"","defaultContentType":""}#appfire#{"repository":{"filePath":"onlineshopping/src/main/java/shop/app/server/service/TalukaService.java","fileName":"TalukaService.java"},"implementInterface":[],"extendsClass":[],"repositories":[{"repository":{"filePath":"onlineshopping/src/main/java/shop/app/server/repository/TalukaRepositoryImpl.java","fileName":"TalukaRepositoryImpl.java"},"implementInterface":[{"filePath":"onlineshopping/src/main/java/shop/app/server/repository/TalukaRepository.java","fileName":"TalukaRepository.java"}],"extendsClass":[{"fileName":"SearchInterfaceImpl.java","filePath":"onlineshopping/src/main/java/shop/app/server/repository/SearchInterfaceImpl.java","isDisplay":false}],"entities":{"filePath":"onlineshopping/src/main/java/shop/app/shared/location/Taluka.java","fileName":"Taluka.java"}}]}#appfire#I#appfire#W2QDPONP4TKPSONCGSNTQ#appfire#C183B147-0974-486C-A086-E2416DA7385C#appfire#1#appfire#\N#appfire#2015-11-17 13:39:42#appfire#\N#appfire#2015-11-17 13:39:42#appfire#1#appfire#1#appfire#BC45948F-0309-4610-BD20-F4ED883C1AE9
3AA378C5-2E91-43E2-B753-A2D838F372AE#appfire#CommunicationGroupService#appfire#shop.app.server.service.CommunicationGroupService#appfire#{"resourceMapping":"/CommunicationGroup","defaultMethodType":"","defaultContentType":""}#appfire#{"repository":{"filePath":"onlineshopping/src/main/java/shop/app/server/service/CommunicationGroupService.java","fileName":"CommunicationGroupService.java"},"implementInterface":[],"extendsClass":[],"repositories":[{"repository":{"filePath":"onlineshopping/src/main/java/shop/app/server/repository/CommunicationGroupRepositoryImpl.java","fileName":"CommunicationGroupRepositoryImpl.java"},"implementInterface":[{"filePath":"onlineshopping/src/main/java/shop/app/server/repository/CommunicationGroupRepository.java","fileName":"CommunicationGroupRepository.java"}],"extendsClass":[{"fileName":"SearchInterfaceImpl.java","filePath":"onlineshopping/src/main/java/shop/app/server/repository/SearchInterfaceImpl.java","isDisplay":false}],"entities":{"filePath":"onlineshopping/src/main/java/shop/app/shared/contacts/CommunicationGroup.java","fileName":"CommunicationGroup.java"}}]}#appfire#I#appfire#W2QDPONP4TKPSONCGSNTQ#appfire#C183B147-0974-486C-A086-E2416DA7385C#appfire#1#appfire#\N#appfire#2015-11-17 13:39:44#appfire#\N#appfire#2015-11-17 13:39:44#appfire#1#appfire#1#appfire#5DA4A40D-2571-4B3A-8B0C-93FB9306CF2B
3B390C90-0D96-4425-9E83-5D7CA6EFCFB9#appfire#AppMenusService#appfire#shop.app.server.service.AppMenusService#appfire#{"resourceMapping":"/AppMenus","defaultMethodType":"","defaultContentType":""}#appfire#{"repository":{"filePath":"onlineshopping/src/main/java/shop/app/server/service/AppMenusService.java","fileName":"AppMenusService.java"},"implementInterface":[],"extendsClass":[],"repositories":[{"repository":{"filePath":"onlineshopping/src/main/java/shop/app/server/repository/AppMenusRepositoryImpl.java","fileName":"AppMenusRepositoryImpl.java"},"implementInterface":[{"filePath":"onlineshopping/src/main/java/shop/app/server/repository/AppMenusRepository.java","fileName":"AppMenusRepository.java"}],"extendsClass":[{"fileName":"SearchInterfaceImpl.java","filePath":"onlineshopping/src/main/java/shop/app/server/repository/SearchInterfaceImpl.java","isDisplay":false}],"entities":{"filePath":"onlineshopping/src/main/java/shop/app/shared/authorization/AppMenus.java","fileName":"AppMenus.java"}}]}#appfire#I#appfire#W2QDPONP4TKPSONCGSNTQ#appfire#C183B147-0974-486C-A086-E2416DA7385C#appfire#1#appfire#\N#appfire#2015-11-17 13:39:53#appfire#\N#appfire#2015-11-17 13:39:53#appfire#1#appfire#1#appfire#AA94D58F-9C63-4305-8071-881BAACE8284
492C0260-0284-4E9F-A505-3F1778A79BC3#appfire#FetchItemList#appfire#retailcontext.retail.service.FetchItemListWS#appfire#{"resourceMapping":"/FetchItemListWS","defaultMethodType":"","defaultContentType":""}#appfire#{"repository":{"filePath":"onlineshopping/src/main/java/shop/app/server/service/retailcontext.retail.service.FetchItemListWS","fileName":"retailcontext.retail.service.FetchItemListWS"},"implementInterface":[],"extendsClass":[],"repositories":[{"repository":{},"implementInterface":[],"extendsClass":[],"entities":{}}]}#appfire#I#appfire#W2QDPONP4TKPSONCGSNTQ#appfire#C183B147-0974-486C-A086-E2416DA7385C#appfire#1#appfire#\N#appfire#2015-11-17 19:53:44#appfire#\N#appfire#2015-11-17 19:53:44#appfire#1#appfire#1#appfire#\N
5FE00CFA-F5B3-4D4F-AEC9-5C3941E56ED9#appfire#StateService#appfire#shop.app.server.service.StateService#appfire#{"resourceMapping":"/State","defaultMethodType":"","defaultContentType":""}#appfire#{"repository":{"filePath":"onlineshopping/src/main/java/shop/app/server/service/StateService.java","fileName":"StateService.java"},"implementInterface":[],"extendsClass":[],"repositories":[{"repository":{"filePath":"onlineshopping/src/main/java/shop/app/server/repository/StateRepositoryImpl.java","fileName":"StateRepositoryImpl.java"},"implementInterface":[{"filePath":"onlineshopping/src/main/java/shop/app/server/repository/StateRepository.java","fileName":"StateRepository.java"}],"extendsClass":[{"fileName":"SearchInterfaceImpl.java","filePath":"onlineshopping/src/main/java/shop/app/server/repository/SearchInterfaceImpl.java","isDisplay":false}],"entities":{"filePath":"onlineshopping/src/main/java/shop/app/shared/location/State.java","fileName":"State.java"}}]}#appfire#I#appfire#W2QDPONP4TKPSONCGSNTQ#appfire#C183B147-0974-486C-A086-E2416DA7385C#appfire#1#appfire#\N#appfire#2015-11-17 13:39:40#appfire#\N#appfire#2015-11-17 13:39:40#appfire#1#appfire#1#appfire#1C9E3A10-A06D-4910-86DF-5FC6261FD632
61BFC7E6-1ACF-4AE8-8080-C120327BBBC4#appfire#LoginService#appfire#shop.app.server.service.LoginService#appfire#{"resourceMapping":"/Login","defaultMethodType":"","defaultContentType":""}#appfire#{"repository":{"filePath":"onlineshopping/src/main/java/shop/app/server/service/LoginService.java","fileName":"LoginService.java"},"implementInterface":[],"extendsClass":[],"repositories":[{"repository":{"filePath":"onlineshopping/src/main/java/shop/app/server/repository/LoginRepositoryImpl.java","fileName":"LoginRepositoryImpl.java"},"implementInterface":[{"filePath":"onlineshopping/src/main/java/shop/app/server/repository/LoginRepository.java","fileName":"LoginRepository.java"}],"extendsClass":[{"fileName":"SearchInterfaceImpl.java","filePath":"onlineshopping/src/main/java/shop/app/server/repository/SearchInterfaceImpl.java","isDisplay":false}],"entities":{"filePath":"onlineshopping/src/main/java/shop/app/shared/authentication/Login.java","fileName":"Login.java"}}]}#appfire#I#appfire#W2QDPONP4TKPSONCGSNTQ#appfire#C183B147-0974-486C-A086-E2416DA7385C#appfire#1#appfire#\N#appfire#2015-11-17 13:39:50#appfire#\N#appfire#2015-11-17 13:39:50#appfire#1#appfire#1#appfire#3487EA34-5BF9-4067-B212-C28E94C6B9BE
6214F610-8D88-4065-ACD7-D0C9473454E6#appfire#CurrencyService#appfire#shop.app.server.service.CurrencyService#appfire#{"resourceMapping":"/Currency","defaultMethodType":"","defaultContentType":""}#appfire#{"repository":{"filePath":"onlineshopping/src/main/java/shop/app/server/service/CurrencyService.java","fileName":"CurrencyService.java"},"implementInterface":[],"extendsClass":[],"repositories":[{"repository":{"filePath":"onlineshopping/src/main/java/shop/app/server/repository/CurrencyRepositoryImpl.java","fileName":"CurrencyRepositoryImpl.java"},"implementInterface":[{"filePath":"onlineshopping/src/main/java/shop/app/server/repository/CurrencyRepository.java","fileName":"CurrencyRepository.java"}],"extendsClass":[{"fileName":"SearchInterfaceImpl.java","filePath":"onlineshopping/src/main/java/shop/app/server/repository/SearchInterfaceImpl.java","isDisplay":false}],"entities":{"filePath":"onlineshopping/src/main/java/shop/app/shared/location/Currency.java","fileName":"Currency.java"}}]}#appfire#I#appfire#W2QDPONP4TKPSONCGSNTQ#appfire#C183B147-0974-486C-A086-E2416DA7385C#appfire#1#appfire#\N#appfire#2015-11-17 13:39:40#appfire#\N#appfire#2015-11-17 13:39:40#appfire#1#appfire#1#appfire#202830DD-BBEF-49C6-AA74-99B2E74038D6
6AB73E50-A3B8-4E64-B535-E7B637BEE153#appfire#CoreContactsService#appfire#shop.app.server.service.CoreContactsService#appfire#{"resourceMapping":"/CoreContacts","defaultMethodType":"","defaultContentType":""}#appfire#{"repository":{"filePath":"onlineshopping/src/main/java/shop/app/server/service/CoreContactsService.java","fileName":"CoreContactsService.java"},"implementInterface":[],"extendsClass":[],"repositories":[{"repository":{"filePath":"onlineshopping/src/main/java/shop/app/server/repository/CoreContactsRepositoryImpl.java","fileName":"CoreContactsRepositoryImpl.java"},"implementInterface":[{"filePath":"onlineshopping/src/main/java/shop/app/server/repository/CoreContactsRepository.java","fileName":"CoreContactsRepository.java"}],"extendsClass":[{"fileName":"SearchInterfaceImpl.java","filePath":"onlineshopping/src/main/java/shop/app/server/repository/SearchInterfaceImpl.java","isDisplay":false}],"entities":{"filePath":"onlineshopping/src/main/java/shop/app/shared/contacts/CoreContacts.java","fileName":"CoreContacts.java"}}]}#appfire#I#appfire#W2QDPONP4TKPSONCGSNTQ#appfire#C183B147-0974-486C-A086-E2416DA7385C#appfire#1#appfire#\N#appfire#2015-11-17 13:39:46#appfire#\N#appfire#2015-11-17 13:39:46#appfire#1#appfire#1#appfire#D4A480E6-3DBF-4B12-8508-209B69A7844E
6CC2F6F2-B7D9-43F0-99CB-F669AE43D49E#appfire#TitleService#appfire#shop.app.server.service.TitleService#appfire#{"resourceMapping":"/Title","defaultMethodType":"","defaultContentType":""}#appfire#{"repository":{"filePath":"onlineshopping/src/main/java/shop/app/server/service/TitleService.java","fileName":"TitleService.java"},"implementInterface":[],"extendsClass":[],"repositories":[{"repository":{"filePath":"onlineshopping/src/main/java/shop/app/server/repository/TitleRepositoryImpl.java","fileName":"TitleRepositoryImpl.java"},"implementInterface":[{"filePath":"onlineshopping/src/main/java/shop/app/server/repository/TitleRepository.java","fileName":"TitleRepository.java"}],"extendsClass":[{"fileName":"SearchInterfaceImpl.java","filePath":"onlineshopping/src/main/java/shop/app/server/repository/SearchInterfaceImpl.java","isDisplay":false}],"entities":{"filePath":"onlineshopping/src/main/java/shop/app/shared/contacts/Title.java","fileName":"Title.java"}}]}#appfire#I#appfire#W2QDPONP4TKPSONCGSNTQ#appfire#C183B147-0974-486C-A086-E2416DA7385C#appfire#1#appfire#\N#appfire#2015-11-17 13:39:46#appfire#\N#appfire#2015-11-17 13:39:46#appfire#1#appfire#1#appfire#727AB5D5-4E38-41C9-97A4-7B2417DCFC39
7ADD5945-2AEB-434A-A119-017D86B37C25#appfire#VillageService#appfire#shop.app.server.service.VillageService#appfire#{"resourceMapping":"/Village","defaultMethodType":"","defaultContentType":""}#appfire#{"repository":{"filePath":"onlineshopping/src/main/java/shop/app/server/service/VillageService.java","fileName":"VillageService.java"},"implementInterface":[],"extendsClass":[],"repositories":[{"repository":{"filePath":"onlineshopping/src/main/java/shop/app/server/repository/VillageRepositoryImpl.java","fileName":"VillageRepositoryImpl.java"},"implementInterface":[{"filePath":"onlineshopping/src/main/java/shop/app/server/repository/VillageRepository.java","fileName":"VillageRepository.java"}],"extendsClass":[{"fileName":"SearchInterfaceImpl.java","filePath":"onlineshopping/src/main/java/shop/app/server/repository/SearchInterfaceImpl.java","isDisplay":false}],"entities":{"filePath":"onlineshopping/src/main/java/shop/app/shared/location/Village.java","fileName":"Village.java"}}]}#appfire#I#appfire#W2QDPONP4TKPSONCGSNTQ#appfire#C183B147-0974-486C-A086-E2416DA7385C#appfire#1#appfire#\N#appfire#2015-11-17 13:39:42#appfire#\N#appfire#2015-11-17 13:39:42#appfire#1#appfire#1#appfire#5367E9D9-A4F4-4129-920E-C2878514F4D3
7FC984A8-CEC9-418F-B48B-9AE1E36884DE#appfire#QuestionService#appfire#shop.app.server.service.QuestionService#appfire#{"resourceMapping":"/Question","defaultMethodType":"","defaultContentType":""}#appfire#{"repository":{"filePath":"onlineshopping/src/main/java/shop/app/server/service/QuestionService.java","fileName":"QuestionService.java"},"implementInterface":[],"extendsClass":[],"repositories":[{"repository":{"filePath":"onlineshopping/src/main/java/shop/app/server/repository/QuestionRepositoryImpl.java","fileName":"QuestionRepositoryImpl.java"},"implementInterface":[{"filePath":"onlineshopping/src/main/java/shop/app/server/repository/QuestionRepository.java","fileName":"QuestionRepository.java"}],"extendsClass":[{"fileName":"SearchInterfaceImpl.java","filePath":"onlineshopping/src/main/java/shop/app/server/repository/SearchInterfaceImpl.java","isDisplay":false}],"entities":{"filePath":"onlineshopping/src/main/java/shop/app/shared/authentication/Question.java","fileName":"Question.java"}}]}#appfire#I#appfire#W2QDPONP4TKPSONCGSNTQ#appfire#C183B147-0974-486C-A086-E2416DA7385C#appfire#1#appfire#\N#appfire#2015-11-17 13:39:48#appfire#\N#appfire#2015-11-17 13:39:48#appfire#1#appfire#1#appfire#1E1621EC-4F92-4A68-8E7A-ADA2AFA78258
80DC3030-5BC9-44F9-BC31-7E6ABF1EA499#appfire#ProcessOrderService#appfire#retailcontext.retail.service.ProcessOrderServiceWS#appfire#{"resourceMapping":"/ProcessOrderServiceWS","defaultMethodType":"","defaultContentType":""}#appfire#{"repository":{"filePath":"onlineshopping/src/main/java/shop/app/server/service/retailcontext.retail.service.ProcessOrderServiceWS","fileName":"retailcontext.retail.service.ProcessOrderServiceWS"},"implementInterface":[],"extendsClass":[],"repositories":[{"repository":{},"implementInterface":[],"extendsClass":[],"entities":{}}]}#appfire#I#appfire#W2QDPONP4TKPSONCGSNTQ#appfire#C183B147-0974-486C-A086-E2416DA7385C#appfire#1#appfire#\N#appfire#2015-11-18 14:50:26#appfire#\N#appfire#2015-11-18 14:50:26#appfire#1#appfire#1#appfire#\N
87EE1233-BC0E-422E-AD12-37F97BBE57FC#appfire#UpdateStockService#appfire#retailcontext.retail.service.UpdateStockServiceWS#appfire#{"resourceMapping":"/UpdateStockServiceWS","defaultMethodType":"","defaultContentType":""}#appfire#{"repository":{"filePath":"onlineshopping/src/main/java/shop/app/server/service/retailcontext.retail.service.UpdateStockServiceWS","fileName":"retailcontext.retail.service.UpdateStockServiceWS"},"implementInterface":[],"extendsClass":[],"repositories":[{"repository":{},"implementInterface":[],"extendsClass":[],"entities":{}}]}#appfire#I#appfire#W2QDPONP4TKPSONCGSNTQ#appfire#C183B147-0974-486C-A086-E2416DA7385C#appfire#1#appfire#\N#appfire#2015-11-18 14:40:39#appfire#\N#appfire#2015-11-18 14:40:39#appfire#1#appfire#1#appfire#\N
ABCEF5C5-944D-407D-8A30-BFA6963ABE3B#appfire#UserRoleBridgeService#appfire#shop.app.server.service.UserRoleBridgeService#appfire#{"resourceMapping":"/UserRoleBridge","defaultMethodType":"","defaultContentType":""}#appfire#{"repository":{"filePath":"onlineshopping/src/main/java/shop/app/server/service/UserRoleBridgeService.java","fileName":"UserRoleBridgeService.java"},"implementInterface":[],"extendsClass":[],"repositories":[{"repository":{"filePath":"onlineshopping/src/main/java/shop/app/server/repository/UserRoleBridgeRepositoryImpl.java","fileName":"UserRoleBridgeRepositoryImpl.java"},"implementInterface":[{"filePath":"onlineshopping/src/main/java/shop/app/server/repository/UserRoleBridgeRepository.java","fileName":"UserRoleBridgeRepository.java"}],"extendsClass":[{"fileName":"SearchInterfaceImpl.java","filePath":"onlineshopping/src/main/java/shop/app/server/repository/SearchInterfaceImpl.java","isDisplay":false}],"entities":{"filePath":"onlineshopping/src/main/java/shop/app/shared/authorization/UserRoleBridge.java","fileName":"UserRoleBridge.java"}}]}#appfire#I#appfire#W2QDPONP4TKPSONCGSNTQ#appfire#C183B147-0974-486C-A086-E2416DA7385C#appfire#1#appfire#\N#appfire#2015-11-17 13:39:53#appfire#\N#appfire#2015-11-17 13:39:53#appfire#1#appfire#1#appfire#F1671A69-FB70-4C9C-86FB-EB877F410E6B
B1EB6F85-ED6D-406A-874E-5903B55DE854#appfire#UserAccessLevelService#appfire#shop.app.server.service.UserAccessLevelService#appfire#{"resourceMapping":"/UserAccessLevel","defaultMethodType":"","defaultContentType":""}#appfire#{"repository":{"filePath":"onlineshopping/src/main/java/shop/app/server/service/UserAccessLevelService.java","fileName":"UserAccessLevelService.java"},"implementInterface":[],"extendsClass":[],"repositories":[{"repository":{"filePath":"onlineshopping/src/main/java/shop/app/server/repository/UserAccessLevelRepositoryImpl.java","fileName":"UserAccessLevelRepositoryImpl.java"},"implementInterface":[{"filePath":"onlineshopping/src/main/java/shop/app/server/repository/UserAccessLevelRepository.java","fileName":"UserAccessLevelRepository.java"}],"extendsClass":[{"fileName":"SearchInterfaceImpl.java","filePath":"onlineshopping/src/main/java/shop/app/server/repository/SearchInterfaceImpl.java","isDisplay":false}],"entities":{"filePath":"onlineshopping/src/main/java/shop/app/shared/authentication/UserAccessLevel.java","fileName":"UserAccessLevel.java"}}]}#appfire#I#appfire#W2QDPONP4TKPSONCGSNTQ#appfire#C183B147-0974-486C-A086-E2416DA7385C#appfire#1#appfire#\N#appfire#2015-11-17 13:39:48#appfire#\N#appfire#2015-11-17 13:39:48#appfire#1#appfire#1#appfire#25B778FA-8FE7-4896-8072-331FD69DF4F2
B652DD0F-3BC8-4F58-A077-0A8F1A9F3E68#appfire#BrandService#appfire#shop.app.server.service.BrandService#appfire#{"resourceMapping":"/Brand","defaultMethodType":"","defaultContentType":""}#appfire#{"repository":{"filePath":"onlineshopping/src/main/java/shop/app/server/service/BrandService.java","fileName":"BrandService.java"},"implementInterface":[],"extendsClass":[],"repositories":[{"repository":{"filePath":"onlineshopping/src/main/java/shop/app/server/repository/BrandRepositoryImpl.java","fileName":"BrandRepositoryImpl.java"},"implementInterface":[{"filePath":"onlineshopping/src/main/java/shop/app/server/repository/BrandRepository.java","fileName":"BrandRepository.java"}],"extendsClass":[{"fileName":"SearchInterfaceImpl.java","filePath":"onlineshopping/src/main/java/shop/app/server/repository/SearchInterfaceImpl.java","isDisplay":false}],"entities":{"filePath":"onlineshopping/src/main/java/shop/app/shared/retail/Brand.java","fileName":"Brand.java"}}]}#appfire#I#appfire#W2QDPONP4TKPSONCGSNTQ#appfire#C183B147-0974-486C-A086-E2416DA7385C#appfire#1#appfire#\N#appfire#2015-11-17 14:31:28#appfire#\N#appfire#2015-11-17 14:31:28#appfire#1#appfire#1#appfire#CEBA5E36-870C-47D7-BF64-E927B187C3FA
B6624BF3-7851-4BB5-ACB4-6E3301346BE1#appfire#CalOutputBzService#appfire#shop.app.server.service.CartServiceImpl#appfire#{"resourceMapping":"/CartServiceImpl","defaultMethodType":"","defaultContentType":""}#appfire#{"repository":{"filePath":"onlineshopping/src/main/java/shop/app/server/service/shop.app.server.service.CartServiceImpl","fileName":"shop.app.server.service.CartServiceImpl"},"implementInterface":[],"extendsClass":[],"repositories":[{"repository":{},"implementInterface":[],"extendsClass":[],"entities":{}}]}#appfire#I#appfire#W2QDPONP4TKPSONCGSNTQ#appfire#C183B147-0974-486C-A086-E2416DA7385C#appfire#1#appfire#\N#appfire#2015-11-17 14:51:43#appfire#\N#appfire#2015-11-17 14:51:43#appfire#1#appfire#1#appfire#\N
B7D79977-95C4-4BDC-A89A-22F14D3AA0D6#appfire#ProcessAddToCartService#appfire#shop.app.server.service.CartServiceImpl#appfire#{"resourceMapping":"/CartServiceImpl","defaultMethodType":"","defaultContentType":""}#appfire#{"repository":{"filePath":"onlineshopping/src/main/java/shop/app/server/service/shop.app.server.service.CartServiceImpl","fileName":"shop.app.server.service.CartServiceImpl"},"implementInterface":[],"extendsClass":[],"repositories":[{"repository":{},"implementInterface":[],"extendsClass":[],"entities":{}}]}#appfire#I#appfire#W2QDPONP4TKPSONCGSNTQ#appfire#C183B147-0974-486C-A086-E2416DA7385C#appfire#1#appfire#\N#appfire#2015-11-18 14:26:37#appfire#\N#appfire#2015-11-18 14:26:37#appfire#1#appfire#1#appfire#\N
BDBD5387-227D-4102-AA5F-D8EFEAC95DB2#appfire#AddressTypeService#appfire#shop.app.server.service.AddressTypeService#appfire#{"resourceMapping":"/AddressType","defaultMethodType":"","defaultContentType":""}#appfire#{"repository":{"filePath":"onlineshopping/src/main/java/shop/app/server/service/AddressTypeService.java","fileName":"AddressTypeService.java"},"implementInterface":[],"extendsClass":[],"repositories":[{"repository":{"filePath":"onlineshopping/src/main/java/shop/app/server/repository/AddressTypeRepositoryImpl.java","fileName":"AddressTypeRepositoryImpl.java"},"implementInterface":[{"filePath":"onlineshopping/src/main/java/shop/app/server/repository/AddressTypeRepository.java","fileName":"AddressTypeRepository.java"}],"extendsClass":[{"fileName":"SearchInterfaceImpl.java","filePath":"onlineshopping/src/main/java/shop/app/server/repository/SearchInterfaceImpl.java","isDisplay":false}],"entities":{"filePath":"onlineshopping/src/main/java/shop/app/shared/location/AddressType.java","fileName":"AddressType.java"}}]}#appfire#I#appfire#W2QDPONP4TKPSONCGSNTQ#appfire#C183B147-0974-486C-A086-E2416DA7385C#appfire#1#appfire#\N#appfire#2015-11-17 13:39:43#appfire#\N#appfire#2015-11-17 13:39:43#appfire#1#appfire#1#appfire#3CCBE57F-B395-4DB3-9099-AE3CD1B4DB3B
C2F2E66A-15D4-4949-A0E7-84FF45B7A6DC#appfire#CityService#appfire#shop.app.server.service.CityService#appfire#{"resourceMapping":"/City","defaultMethodType":"","defaultContentType":""}#appfire#{"repository":{"filePath":"onlineshopping/src/main/java/shop/app/server/service/CityService.java","fileName":"CityService.java"},"implementInterface":[],"extendsClass":[],"repositories":[{"repository":{"filePath":"onlineshopping/src/main/java/shop/app/server/repository/CityRepositoryImpl.java","fileName":"CityRepositoryImpl.java"},"implementInterface":[{"filePath":"onlineshopping/src/main/java/shop/app/server/repository/CityRepository.java","fileName":"CityRepository.java"}],"extendsClass":[{"fileName":"SearchInterfaceImpl.java","filePath":"onlineshopping/src/main/java/shop/app/server/repository/SearchInterfaceImpl.java","isDisplay":false}],"entities":{"filePath":"onlineshopping/src/main/java/shop/app/shared/location/City.java","fileName":"City.java"}}]}#appfire#I#appfire#W2QDPONP4TKPSONCGSNTQ#appfire#C183B147-0974-486C-A086-E2416DA7385C#appfire#1#appfire#\N#appfire#2015-11-17 13:39:41#appfire#\N#appfire#2015-11-17 13:39:41#appfire#1#appfire#1#appfire#3C067E7B-1FCF-4C2C-9DE7-81222C38D6FB
C35E283F-5B71-45EE-B207-9FFB5DF0F7D0#appfire#ItemService#appfire#shop.app.server.service.ItemService#appfire#{"resourceMapping":"/Item","defaultMethodType":"","defaultContentType":""}#appfire#{"repository":{"filePath":"onlineshopping/src/main/java/shop/app/server/service/ItemService.java","fileName":"ItemService.java"},"implementInterface":[],"extendsClass":[],"repositories":[{"repository":{"filePath":"onlineshopping/src/main/java/shop/app/server/repository/ItemRepositoryImpl.java","fileName":"ItemRepositoryImpl.java"},"implementInterface":[{"filePath":"onlineshopping/src/main/java/shop/app/server/repository/ItemRepository.java","fileName":"ItemRepository.java"}],"extendsClass":[{"fileName":"SearchInterfaceImpl.java","filePath":"onlineshopping/src/main/java/shop/app/server/repository/SearchInterfaceImpl.java","isDisplay":false}],"entities":{"filePath":"onlineshopping/src/main/java/shop/app/shared/retail/Item.java","fileName":"Item.java"}}]}#appfire#I#appfire#W2QDPONP4TKPSONCGSNTQ#appfire#C183B147-0974-486C-A086-E2416DA7385C#appfire#1#appfire#\N#appfire#2015-11-18 12:30:05#appfire#\N#appfire#2015-11-18 12:30:05#appfire#2#appfire#1#appfire#B4FB6CC2-78B8-42BD-85A3-F3065DCB2A27
C441BE0A-1743-4C6A-9F37-239BB724FBA5#appfire#PasswordPolicyService#appfire#shop.app.server.service.PasswordPolicyService#appfire#{"resourceMapping":"/PasswordPolicy","defaultMethodType":"","defaultContentType":""}#appfire#{"repository":{"filePath":"onlineshopping/src/main/java/shop/app/server/service/PasswordPolicyService.java","fileName":"PasswordPolicyService.java"},"implementInterface":[],"extendsClass":[],"repositories":[{"repository":{"filePath":"onlineshopping/src/main/java/shop/app/server/repository/PasswordPolicyRepositoryImpl.java","fileName":"PasswordPolicyRepositoryImpl.java"},"implementInterface":[{"filePath":"onlineshopping/src/main/java/shop/app/server/repository/PasswordPolicyRepository.java","fileName":"PasswordPolicyRepository.java"}],"extendsClass":[{"fileName":"SearchInterfaceImpl.java","filePath":"onlineshopping/src/main/java/shop/app/server/repository/SearchInterfaceImpl.java","isDisplay":false}],"entities":{"filePath":"onlineshopping/src/main/java/shop/app/shared/authentication/PasswordPolicy.java","fileName":"PasswordPolicy.java"}}]}#appfire#I#appfire#W2QDPONP4TKPSONCGSNTQ#appfire#C183B147-0974-486C-A086-E2416DA7385C#appfire#1#appfire#\N#appfire#2015-11-17 13:39:48#appfire#\N#appfire#2015-11-17 13:39:48#appfire#1#appfire#1#appfire#F320392E-3626-4D9D-979D-0398838A9F7F
C48EF945-2770-46B7-BF8F-B49EA7F20286#appfire#FetchCartDetailsService#appfire#retailcontext.retail.service.FetchCartDetailsServiceWS#appfire#{"resourceMapping":"/FetchCartDetailsServiceWS","defaultMethodType":"","defaultContentType":""}#appfire#{"repository":{"filePath":"onlineshopping/src/main/java/shop/app/server/service/retailcontext.retail.service.FetchCartDetailsServiceWS","fileName":"retailcontext.retail.service.FetchCartDetailsServiceWS"},"implementInterface":[],"extendsClass":[],"repositories":[{"repository":{},"implementInterface":[],"extendsClass":[],"entities":{}}]}#appfire#I#appfire#W2QDPONP4TKPSONCGSNTQ#appfire#C183B147-0974-486C-A086-E2416DA7385C#appfire#1#appfire#\N#appfire#2015-11-18 14:54:34#appfire#\N#appfire#2015-11-18 14:54:34#appfire#1#appfire#1#appfire#\N
C64D5F87-70DA-4FA9-A104-4B9DB65CEF60#appfire#AppCustomerCategoryService#appfire#shop.app.server.service.AppCustomerCategoryService#appfire#{"resourceMapping":"/AppCustomerCategory","defaultMethodType":"","defaultContentType":""}#appfire#{"repository":{"filePath":"onlineshopping/src/main/java/shop/app/server/service/AppCustomerCategoryService.java","fileName":"AppCustomerCategoryService.java"},"implementInterface":[],"extendsClass":[],"repositories":[{"repository":{"filePath":"onlineshopping/src/main/java/shop/app/server/repository/AppCustomerCategoryRepositoryImpl.java","fileName":"AppCustomerCategoryRepositoryImpl.java"},"implementInterface":[{"filePath":"onlineshopping/src/main/java/shop/app/server/repository/AppCustomerCategoryRepository.java","fileName":"AppCustomerCategoryRepository.java"}],"extendsClass":[{"fileName":"SearchInterfaceImpl.java","filePath":"onlineshopping/src/main/java/shop/app/server/repository/SearchInterfaceImpl.java","isDisplay":false}],"entities":{"filePath":"onlineshopping/src/main/java/shop/app/shared/customers/AppCustomerCategory.java","fileName":"AppCustomerCategory.java"}}]}#appfire#I#appfire#W2QDPONP4TKPSONCGSNTQ#appfire#C183B147-0974-486C-A086-E2416DA7385C#appfire#1#appfire#\N#appfire#2015-11-17 13:39:54#appfire#\N#appfire#2015-11-17 13:39:54#appfire#1#appfire#1#appfire#85764820-4D90-4257-A46A-C7A86CCB993A
CD33796C-A8FB-46BF-901E-6003910D361F#appfire#PasswordAlgoService#appfire#shop.app.server.service.PasswordAlgoService#appfire#{"resourceMapping":"/PasswordAlgo","defaultMethodType":"","defaultContentType":""}#appfire#{"repository":{"filePath":"onlineshopping/src/main/java/shop/app/server/service/PasswordAlgoService.java","fileName":"PasswordAlgoService.java"},"implementInterface":[],"extendsClass":[],"repositories":[{"repository":{"filePath":"onlineshopping/src/main/java/shop/app/server/repository/PasswordAlgoRepositoryImpl.java","fileName":"PasswordAlgoRepositoryImpl.java"},"implementInterface":[{"filePath":"onlineshopping/src/main/java/shop/app/server/repository/PasswordAlgoRepository.java","fileName":"PasswordAlgoRepository.java"}],"extendsClass":[{"fileName":"SearchInterfaceImpl.java","filePath":"onlineshopping/src/main/java/shop/app/server/repository/SearchInterfaceImpl.java","isDisplay":false}],"entities":{"filePath":"onlineshopping/src/main/java/shop/app/shared/authentication/PasswordAlgo.java","fileName":"PasswordAlgo.java"}}]}#appfire#I#appfire#W2QDPONP4TKPSONCGSNTQ#appfire#C183B147-0974-486C-A086-E2416DA7385C#appfire#1#appfire#\N#appfire#2015-11-17 13:39:47#appfire#\N#appfire#2015-11-17 13:39:47#appfire#1#appfire#1#appfire#C5531647-1438-4566-870D-724D21D56892
CEF54E11-A80B-4D71-9F56-447906ACA377#appfire#ProductService#appfire#shop.app.server.service.ProductService#appfire#{"resourceMapping":"/Product","defaultMethodType":"","defaultContentType":""}#appfire#{"repository":{"filePath":"onlineshopping/src/main/java/shop/app/server/service/ProductService.java","fileName":"ProductService.java"},"implementInterface":[],"extendsClass":[],"repositories":[{"repository":{"filePath":"onlineshopping/src/main/java/shop/app/server/repository/ProductRepositoryImpl.java","fileName":"ProductRepositoryImpl.java"},"implementInterface":[{"filePath":"onlineshopping/src/main/java/shop/app/server/repository/ProductRepository.java","fileName":"ProductRepository.java"}],"extendsClass":[{"fileName":"SearchInterfaceImpl.java","filePath":"onlineshopping/src/main/java/shop/app/server/repository/SearchInterfaceImpl.java","isDisplay":false}],"entities":{"filePath":"onlineshopping/src/main/java/shop/app/shared/retail/Product.java","fileName":"Product.java"}}]}#appfire#I#appfire#W2QDPONP4TKPSONCGSNTQ#appfire#C183B147-0974-486C-A086-E2416DA7385C#appfire#1#appfire#\N#appfire#2015-11-17 14:31:27#appfire#\N#appfire#2015-11-17 14:31:27#appfire#3#appfire#1#appfire#D248ED5A-FE53-4D76-AAE2-1DEEA3E41E01
CF77150D-06AA-4654-AB40-14954E7162D2#appfire#CategoryService#appfire#shop.app.server.service.CategoryService#appfire#{"resourceMapping":"/Category","defaultMethodType":"","defaultContentType":""}#appfire#{"repository":{"filePath":"onlineshopping/src/main/java/shop/app/server/service/CategoryService.java","fileName":"CategoryService.java"},"implementInterface":[],"extendsClass":[],"repositories":[{"repository":{"filePath":"onlineshopping/src/main/java/shop/app/server/repository/CategoryRepositoryImpl.java","fileName":"CategoryRepositoryImpl.java"},"implementInterface":[{"filePath":"onlineshopping/src/main/java/shop/app/server/repository/CategoryRepository.java","fileName":"CategoryRepository.java"}],"extendsClass":[{"fileName":"SearchInterfaceImpl.java","filePath":"onlineshopping/src/main/java/shop/app/server/repository/SearchInterfaceImpl.java","isDisplay":false}],"entities":{"filePath":"onlineshopping/src/main/java/shop/app/shared/retail/Category.java","fileName":"Category.java"}}]}#appfire#I#appfire#W2QDPONP4TKPSONCGSNTQ#appfire#C183B147-0974-486C-A086-E2416DA7385C#appfire#1#appfire#\N#appfire#2015-11-17 14:31:28#appfire#\N#appfire#2015-11-17 14:31:28#appfire#3#appfire#1#appfire#A366DB35-6CF3-4C45-BCAB-2FA8DDA63828
E812E2F1-147F-4C72-8A61-988277C93565#appfire#TimezoneService#appfire#shop.app.server.service.TimezoneService#appfire#{"resourceMapping":"/Timezone","defaultMethodType":"","defaultContentType":""}#appfire#{"repository":{"filePath":"onlineshopping/src/main/java/shop/app/server/service/TimezoneService.java","fileName":"TimezoneService.java"},"implementInterface":[],"extendsClass":[],"repositories":[{"repository":{"filePath":"onlineshopping/src/main/java/shop/app/server/repository/TimezoneRepositoryImpl.java","fileName":"TimezoneRepositoryImpl.java"},"implementInterface":[{"filePath":"onlineshopping/src/main/java/shop/app/server/repository/TimezoneRepository.java","fileName":"TimezoneRepository.java"}],"extendsClass":[{"fileName":"SearchInterfaceImpl.java","filePath":"onlineshopping/src/main/java/shop/app/server/repository/SearchInterfaceImpl.java","isDisplay":false}],"entities":{"filePath":"onlineshopping/src/main/java/shop/app/shared/location/Timezone.java","fileName":"Timezone.java"}}]}#appfire#I#appfire#W2QDPONP4TKPSONCGSNTQ#appfire#C183B147-0974-486C-A086-E2416DA7385C#appfire#1#appfire#\N#appfire#2015-11-17 13:39:39#appfire#\N#appfire#2015-11-17 13:39:39#appfire#1#appfire#1#appfire#FB86E96E-9404-4BC9-9F28-74BB792CFD43
EBC03D77-5581-4B58-B62B-D54DCBF09668#appfire#DistrictService#appfire#shop.app.server.service.DistrictService#appfire#{"resourceMapping":"/District","defaultMethodType":"","defaultContentType":""}#appfire#{"repository":{"filePath":"onlineshopping/src/main/java/shop/app/server/service/DistrictService.java","fileName":"DistrictService.java"},"implementInterface":[],"extendsClass":[],"repositories":[{"repository":{"filePath":"onlineshopping/src/main/java/shop/app/server/repository/DistrictRepositoryImpl.java","fileName":"DistrictRepositoryImpl.java"},"implementInterface":[{"filePath":"onlineshopping/src/main/java/shop/app/server/repository/DistrictRepository.java","fileName":"DistrictRepository.java"}],"extendsClass":[{"fileName":"SearchInterfaceImpl.java","filePath":"onlineshopping/src/main/java/shop/app/server/repository/SearchInterfaceImpl.java","isDisplay":false}],"entities":{"filePath":"onlineshopping/src/main/java/shop/app/shared/location/District.java","fileName":"District.java"}}]}#appfire#I#appfire#W2QDPONP4TKPSONCGSNTQ#appfire#C183B147-0974-486C-A086-E2416DA7385C#appfire#1#appfire#\N#appfire#2015-11-17 13:39:41#appfire#\N#appfire#2015-11-17 13:39:41#appfire#1#appfire#1#appfire#8EE66CA9-A33E-4A08-807E-3127DE2B84F0
ED318FDA-9F09-4EEE-B4CB-1B14EF11C849#appfire#AddressService#appfire#shop.app.server.service.AddressService#appfire#{"resourceMapping":"/Address","defaultMethodType":"","defaultContentType":""}#appfire#{"repository":{"filePath":"onlineshopping/src/main/java/shop/app/server/service/AddressService.java","fileName":"AddressService.java"},"implementInterface":[],"extendsClass":[],"repositories":[{"repository":{"filePath":"onlineshopping/src/main/java/shop/app/server/repository/AddressRepositoryImpl.java","fileName":"AddressRepositoryImpl.java"},"implementInterface":[{"filePath":"onlineshopping/src/main/java/shop/app/server/repository/AddressRepository.java","fileName":"AddressRepository.java"}],"extendsClass":[{"fileName":"SearchInterfaceImpl.java","filePath":"onlineshopping/src/main/java/shop/app/server/repository/SearchInterfaceImpl.java","isDisplay":false}],"entities":{"filePath":"onlineshopping/src/main/java/shop/app/shared/location/Address.java","fileName":"Address.java"}}]}#appfire#I#appfire#W2QDPONP4TKPSONCGSNTQ#appfire#C183B147-0974-486C-A086-E2416DA7385C#appfire#1#appfire#\N#appfire#2015-11-17 13:39:43#appfire#\N#appfire#2015-11-17 13:39:43#appfire#1#appfire#1#appfire#B01FE6A4-83E2-4764-B166-5414AAAA5DFA
F12D1353-ACD9-4321-8FB2-98D07B1AEF44#appfire#AppCustomerTypeService#appfire#shop.app.server.service.AppCustomerTypeService#appfire#{"resourceMapping":"/AppCustomerType","defaultMethodType":"","defaultContentType":""}#appfire#{"repository":{"filePath":"onlineshopping/src/main/java/shop/app/server/service/AppCustomerTypeService.java","fileName":"AppCustomerTypeService.java"},"implementInterface":[],"extendsClass":[],"repositories":[{"repository":{"filePath":"onlineshopping/src/main/java/shop/app/server/repository/AppCustomerTypeRepositoryImpl.java","fileName":"AppCustomerTypeRepositoryImpl.java"},"implementInterface":[{"filePath":"onlineshopping/src/main/java/shop/app/server/repository/AppCustomerTypeRepository.java","fileName":"AppCustomerTypeRepository.java"}],"extendsClass":[{"fileName":"SearchInterfaceImpl.java","filePath":"onlineshopping/src/main/java/shop/app/server/repository/SearchInterfaceImpl.java","isDisplay":false}],"entities":{"filePath":"onlineshopping/src/main/java/shop/app/shared/customers/AppCustomerType.java","fileName":"AppCustomerType.java"}}]}#appfire#I#appfire#W2QDPONP4TKPSONCGSNTQ#appfire#C183B147-0974-486C-A086-E2416DA7385C#appfire#1#appfire#\N#appfire#2015-11-17 13:39:54#appfire#\N#appfire#2015-11-17 13:39:54#appfire#1#appfire#1#appfire#B730EBB7-0D76-435F-8115-3E47BB8FFA5C
F30AD72A-C79D-47F1-84C3-0E8A908EFA7E#appfire#LanguageService#appfire#shop.app.server.service.LanguageService#appfire#{"resourceMapping":"/Language","defaultMethodType":"","defaultContentType":""}#appfire#{"repository":{"filePath":"onlineshopping/src/main/java/shop/app/server/service/LanguageService.java","fileName":"LanguageService.java"},"implementInterface":[],"extendsClass":[],"repositories":[{"repository":{"filePath":"onlineshopping/src/main/java/shop/app/server/repository/LanguageRepositoryImpl.java","fileName":"LanguageRepositoryImpl.java"},"implementInterface":[{"filePath":"onlineshopping/src/main/java/shop/app/server/repository/LanguageRepository.java","fileName":"LanguageRepository.java"}],"extendsClass":[{"fileName":"SearchInterfaceImpl.java","filePath":"onlineshopping/src/main/java/shop/app/server/repository/SearchInterfaceImpl.java","isDisplay":false}],"entities":{"filePath":"onlineshopping/src/main/java/shop/app/shared/location/Language.java","fileName":"Language.java"}}]}#appfire#I#appfire#W2QDPONP4TKPSONCGSNTQ#appfire#C183B147-0974-486C-A086-E2416DA7385C#appfire#1#appfire#\N#appfire#2015-11-17 13:39:39#appfire#\N#appfire#2015-11-17 13:39:39#appfire#1#appfire#1#appfire#834D0503-D6F1-4662-93A5-103140A31C7E
FFC111DF-046E-4A49-9F13-5937D839264A#appfire#CountryService#appfire#shop.app.server.service.CountryService#appfire#{"resourceMapping":"/Country","defaultMethodType":"","defaultContentType":""}#appfire#{"repository":{"filePath":"onlineshopping/src/main/java/shop/app/server/service/CountryService.java","fileName":"CountryService.java"},"implementInterface":[],"extendsClass":[],"repositories":[{"repository":{"filePath":"onlineshopping/src/main/java/shop/app/server/repository/CountryRepositoryImpl.java","fileName":"CountryRepositoryImpl.java"},"implementInterface":[{"filePath":"onlineshopping/src/main/java/shop/app/server/repository/CountryRepository.java","fileName":"CountryRepository.java"}],"extendsClass":[{"fileName":"SearchInterfaceImpl.java","filePath":"onlineshopping/src/main/java/shop/app/server/repository/SearchInterfaceImpl.java","isDisplay":false}],"entities":{"filePath":"onlineshopping/src/main/java/shop/app/shared/location/Country.java","fileName":"Country.java"}}]}#appfire#I#appfire#W2QDPONP4TKPSONCGSNTQ#appfire#C183B147-0974-486C-A086-E2416DA7385C#appfire#1#appfire#\N#appfire#2015-11-17 13:39:39#appfire#\N#appfire#2015-11-17 13:39:39#appfire#1#appfire#1#appfire#13CEFC08-7892-4D59-A9BB-6509A06C1072
